excluded_city,pooled_effect_pp,n_cities
Albuquerque,-17.483603747014527,4
Chicago,-16.232806233943613,3
Fresno,-17.483603747014527,4
Miami,-16.320514075681295,3
New Orleans,-20.19924841354962,3
St. Louis,-17.181846264883585,3
