city,effect_pp,shift
Chicago,-20.041088529472535,-1
Fresno,-25.61690830178226,-1
Miami,-13.37757305872374,-1
New Orleans,-12.218320532204634,-1
St. Louis,-18.51789176938482,-1
Chicago,-21.23599628622727,0
Miami,-20.972872761014234,0
New Orleans,-9.33666974740926,0
St. Louis,-18.38887619340735,0
Miami,-20.926432942539925,1
St. Louis,-16.76103832729533,1
