model,mean_cv_auc,std_cv_auc
xgboost,0.5653830600178538,0.04016610928355676
random_forest,0.587732048560766,
logistic,0.5996121516701434,
