variable,label,treated_mean,treated_sd,control_mean,control_sd,smd,balance,n_treated,n_control
est_population,Population,949848.5776237107,778819.0110003328,160413.34,53874.35191577157,1.430073530969277,SEVERE,13,400
homicides,Homicides (2020),232.66666666666666,193.3958519605722,11.19,18.904070990133317,1.6118732843182093,SEVERE,15,400
tech_score,Technology Score,8.333333333333334,1.1126972805283735,,,,NO COMPARISON DATA,15,0
data_driven_score,Data-Driven Score,6.533333333333333,0.5163977794943223,,,,NO COMPARISON DATA,15,0
has_bwc,Body-Worn Camera,1.0,0.0,,,,NO COMPARISON DATA,15,0
budget_per_capita,Budget Per Capita,497.3390602608393,167.08732958365485,,,,NO COMPARISON DATA,15,0
