city,mean_effect,mean_observed,mean_counterfactual,effect_pp
Chicago,-0.10464487214718082,0.0856269113149847,0.19027178346216553,-10.464487214718082
Miami,-0.12672412312173975,0.21864406779661016,0.3453681909183499,-12.672412312173975
New Orleans,0.05392172174061588,0.294478527607362,0.2405568058667461,5.392172174061588
St. Louis,-0.1470903299555689,0.34266539213976305,0.4897557220953319,-14.709032995556889
