city,year,observed,counterfactual,cf_lower,cf_upper,effect,effect_lower,effect_upper
Chicago,2017,0.0856269113149847,0.19027178346216553,0.15180103167379225,0.22931743078799569,-0.10464487214718082,-0.14369051947301098,-0.06617412035880754
Miami,2016,0.2372881355932203,0.3529500952063796,0.2773021457605007,0.42416633262746495,-0.11566195961315931,-0.18687819703424466,-0.04001401016728043
Miami,2017,0.2,0.33778628663032023,0.2670394585981911,0.4056919764072974,-0.13778628663032022,-0.20569197640729742,-0.0670394585981911
New Orleans,2017,0.294478527607362,0.2405568058667461,0.20595225012488338,0.2720546172183687,0.05392172174061588,0.022423910388993273,0.0885262774824786
St. Louis,2015,0.3494623655913978,0.49644132496983573,0.42694568394931937,0.5670657375179902,-0.1469789593784379,-0.21760337192659235,-0.07748331835792155
St. Louis,2016,0.3617021276595745,0.48976182209795466,0.41931899516548754,0.5587373057016727,-0.12805969443838017,-0.1970351780420982,-0.05761686750591305
St. Louis,2017,0.3168316831683168,0.48306401921820535,0.4122390593667716,0.5559301789065418,-0.16623233604988857,-0.23909849573822506,-0.0954073761984548
